Model,Scenario,Region,Variable,Unit,2010,2015,2020,2025,2030,2035,2040,2045,2050,2055,2060,2065,2070,2075,2080,2085,2090,2095,2100,Notes
IIASA GDP,SSP2,ARG,GDP|PPP,billion US$2005/yr,489.320,604.213,734.723,854.341,970.644,1085.938,1200.780,1330.999,1471.760,1614.319,1754.971,1897.831,2044.592,2193.328,2341.414,2487.760,2632.524,2774.992,2915.647,
IIASA GDP,SSP2,ARM,GDP|PPP,billion US$2005/yr,15.950,26.487,39.845,55.789,68.190,75.593,79.281,80.894,81.500,81.959,82.724,84.017,85.734,87.699,89.759,91.925,94.352,97.222,100.686,
IIASA GDP,SSP2,AUS,GDP|PPP,billion US$2005/yr,877.883,1123.592,1369.266,1649.353,1932.081,2210.577,2482.444,2748.508,3007.534,3263.183,3518.126,3768.122,4007.495,4232.126,4438.639,4625.949,4790.734,4931.207,5049.745,
IIASA GDP,SSP2,AUT,GDP|PPP,billion US$2005/yr,307.169,329.665,342.729,355.819,372.005,391.360,413.829,438.535,464.487,490.724,516.784,541.871,565.734,588.532,610.548,631.615,651.210,669.197,685.417,
IIASA GDP,SSP2,AZE,GDP|PPP,billion US$2005/yr,79.248,192.086,298.793,342.625,356.720,365.313,381.758,404.484,431.297,454.452,475.312,487.886,493.166,491.744,486.187,482.289,483.829,491.731,504.121,
IIASA GDP,SSP2,BDI,GDP|PPP,billion US$2005/yr,3.501,3.976,5.361,7.081,8.927,10.840,12.858,15.078,17.773,21.218,25.674,31.263,38.073,46.105,55.371,66.022,78.371,92.659,108.775,
IIASA GDP,SSP2,BEL,GDP|PPP,billion US$2005/yr,360.573,424.895,510.394,620.648,733.257,840.009,937.774,1026.825,1108.996,1187.275,1264.388,1340.739,1416.219,1491.023,1565.535,1639.875,1713.603,1786.095,1855.171,
IIASA GDP,SSP2,BEN,GDP|PPP,billion US$2005/yr,9.812,11.636,14.063,17.446,21.615,26.655,32.676,39.967,48.804,59.241,71.403,85.483,101.703,120.280,141.544,165.736,193.091,223.701,257.559,
IIASA GDP,SSP2,BFA,GDP|PPP,billion US$2005/yr,14.171,16.184,18.263,21.312,25.807,31.167,37.854,46.075,56.538,69.987,87.174,108.729,135.316,167.507,205.981,251.449,304.415,367.285,441.571,
IIASA GDP,SSP2,BGD,GDP|PPP,billion US$2005/yr,214.759,261.380,313.452,363.606,418.708,482.204,559.105,648.147,749.488,865.004,995.150,1138.765,1295.003,1465.246,1674.467,1913.438,2162.664,2398.549,2614.383,
IIASA GDP,SSP2,BGR,GDP|PPP,billion US$2005/yr,78.697,100.628,115.778,127.919,136.632,143.388,149.454,155.481,161.451,167.398,173.278,178.620,183.023,187.089,191.413,196.314,201.752,207.516,213.315,
IIASA GDP,SSP2,BHR,GDP|PPP,billion US$2005/yr,26.928,46.164,64.533,80.315,96.751,114.513,134.120,155.269,177.089,198.762,219.699,239.398,257.517,273.759,288.036,300.486,311.322,320.679,328.409,
IIASA GDP,SSP2,BHS,GDP|PPP,billion US$2005/yr,8.742,10.944,12.387,14.221,16.332,18.568,20.873,23.230,25.570,27.873,30.142,32.355,34.477,36.486,38.373,40.152,41.820,43.411,44.936,
IIASA GDP,SSP2,BIH,GDP|PPP,billion US$2005/yr,32.830,38.305,53.460,66.165,76.514,84.801,91.472,97.049,101.784,105.775,109.346,112.641,115.703,118.515,121.104,123.521,125.886,128.351,131.074,
IIASA GDP,SSP2,BLR,GDP|PPP,billion US$2005/yr,124.877,169.530,204.186,221.851,230.370,235.785,241.634,248.459,255.368,262.536,270.644,279.884,289.973,300.463,311.006,321.614,332.602,344.296,356.773,
IIASA GDP,SSP2,BLZ,GDP|PPP,billion US$2005/yr,2.601,3.098,3.636,4.313,4.987,5.663,6.346,7.057,7.796,8.587,9.440,10.368,11.354,12.370,13.386,14.388,15.745,17.470,19.495,
IIASA GDP,SSP2,BOL,GDP|PPP,billion US$2005/yr,37.064,44.550,51.542,59.337,69.599,82.844,98.832,117.947,139.808,163.739,188.655,213.980,239.340,264.522,289.089,312.840,335.625,357.537,378.634,
IIASA GDP,SSP2,BRA,GDP|PPP,billion US$2005/yr,1859.340,2186.965,2581.684,2956.538,3324.473,3701.118,4102.651,4621.407,5244.763,5910.942,6533.078,7072.124,7542.122,7982.939,8419.655,8856.143,9288.112,9716.323,10138.041,
IIASA GDP,SSP2,BRB,GDP|PPP,billion US$2005/yr,6.528,5.868,5.381,5.081,5.092,5.324,5.724,6.212,6.715,7.187,7.615,8.002,8.380,8.770,9.176,9.587,9.988,10.371,10.736,
IIASA GDP,SSP2,BRN,GDP|PPP,billion US$2005/yr,17.929,16.281,13.310,11.231,10.397,10.482,11.220,12.429,13.928,15.951,18.364,20.878,23.177,25.271,27.243,29.155,31.016,32.831,34.583,
IIASA GDP,SSP2,BTN,GDP|PPP,billion US$2005/yr,3.155,5.105,7.728,10.925,14.116,16.837,19.417,22.355,26.031,30.514,35.637,41.052,46.406,51.636,56.734,61.684,66.413,70.888,75.088,
IIASA GDP,SSP2,BWA,GDP|PPP,billion US$2005/yr,17.655,21.490,27.073,34.917,43.860,53.615,63.709,73.868,83.923,94.016,104.460,115.215,125.954,136.267,145.972,154.856,162.832,169.817,175.634,
IIASA GDP,SSP2,CAF,GDP|PPP,billion US$2005/yr,3.069,3.468,4.293,5.199,6.328,7.689,9.324,11.272,13.578,16.321,19.608,23.519,28.134,33.529,39.781,46.945,55.049,64.114,74.121,
IIASA GDP,SSP2,CAN,GDP|PPP,billion US$2005/yr,1213.425,1373.668,1562.865,1803.954,2054.173,2302.639,2544.975,2781.824,3014.659,3250.907,3497.820,3753.150,4009.619,4260.203,4500.434,4727.880,4941.895,5139.739,5319.237,
IIASA GDP,SSP2,CHE,GDP|PPP,billion US$2005/yr,301.364,326.414,349.453,373.743,401.360,432.298,466.243,502.481,539.791,577.402,615.146,652.355,688.589,723.910,758.837,793.257,825.937,856.154,883.992,
IIASA GDP,SSP2,CHL,GDP|PPP,billion US$2005/yr,199.333,239.564,271.746,309.517,352.335,398.908,446.450,492.621,534.709,571.525,603.139,629.831,654.814,680.347,707.013,733.806,759.401,782.822,803.865,
IIASA GDP,SSP2,CHN,GDP|PPP,billion US$2005/yr,9110.604,16349.690,24144.302,31591.360,37776.172,42598.079,46041.772,48614.642,50420.114,51581.565,52144.877,52266.499,52082.178,51684.119,51107.097,50378.369,49548.795,48683.336,47857.673,
IIASA GDP,SSP2,CIV,GDP|PPP,billion US$2005/yr,27.712,28.606,31.687,36.119,42.790,52.273,64.967,81.379,101.701,125.858,153.413,184.357,218.667,256.507,297.730,346.664,402.614,462.771,523.042,
IIASA GDP,SSP2,CMR,GDP|PPP,billion US$2005/yr,34.118,41.743,50.314,62.028,76.801,94.776,115.832,140.161,168.170,200.215,236.366,276.910,321.670,370.190,422.269,486.807,562.561,644.767,725.799,
IIASA GDP,SSP2,COD,GDP|PPP,billion US$2005/yr,15.962,31.957,67.626,141.315,252.936,394.657,554.339,725.752,909.143,1104.966,1319.841,1561.432,1835.544,2142.942,2482.187,2847.042,3231.074,3627.074,4028.090,
IIASA GDP,SSP2,COG,GDP|PPP,billion US$2005/yr,8.921,12.234,18.211,27.037,37.102,47.383,57.463,67.811,79.059,91.552,105.348,120.286,136.203,152.844,170.147,191.160,215.203,240.444,264.292,
IIASA GDP,SSP2,COL,GDP|PPP,billion US$2005/yr,328.786,427.796,509.794,593.605,682.356,778.181,883.973,1017.469,1172.662,1336.095,1490.403,1628.354,1748.262,1852.159,1941.115,2017.502,2092.904,2174.636,2264.059,
IIASA GDP,SSP2,COM,GDP|PPP,billion US$2005/yr,0.688,0.781,0.943,1.168,1.439,1.764,2.177,2.719,3.405,4.241,5.212,6.305,7.516,8.859,10.364,12.237,14.460,16.927,19.459,
IIASA GDP,SSP2,CPV,GDP|PPP,billion US$2005/yr,1.889,2.495,2.989,3.252,3.454,3.686,3.999,4.386,4.835,5.319,5.824,6.380,7.014,7.724,8.474,9.238,10.012,11.005,12.168,
IIASA GDP,SSP2,CRI,GDP|PPP,billion US$2005/yr,50.018,62.282,71.102,79.028,87.595,97.071,107.970,119.982,132.566,145.320,158.717,172.770,190.740,210.599,229.622,246.649,262.381,277.564,292.367,
IIASA GDP,SSP2,CUB,GDP|PPP,billion US$2005/yr,127.960,159.287,189.874,214.068,233.487,248.577,260.519,269.702,276.206,279.687,280.631,280.134,279.111,278.564,278.890,280.374,282.271,283.886,285.430,
IIASA GDP,SSP2,CYP,GDP|PPP,billion US$2005/yr,20.612,26.351,34.123,43.264,51.831,59.596,66.886,73.977,80.930,87.820,94.715,101.418,107.662,113.247,118.142,122.426,126.258,129.845,133.269,
IIASA GDP,SSP2,CZE,GDP|PPP,billion US$2005/yr,235.476,265.624,274.523,280.131,290.120,305.091,324.763,347.679,371.549,396.167,422.255,449.348,476.415,502.877,528.805,554.360,580.575,608.034,636.525,
IIASA GDP,SSP2,DEU,GDP|PPP,billion US$2005/yr,2659.215,2686.961,2690.457,2716.804,2785.338,2894.024,3033.493,3195.388,3368.507,3545.683,3724.911,3904.675,4085.660,4268.540,4453.919,4635.915,4810.247,4975.598,5132.633,
IIASA GDP,SSP2,DJI,GDP|PPP,billion US$2005/yr,1.689,2.010,2.147,2.291,2.528,2.858,3.272,3.766,4.344,5.008,5.769,6.650,7.663,8.807,10.078,11.486,13.030,14.701,16.487,
IIASA GDP,SSP2,DNK,GDP|PPP,billion US$2005/yr,186.639,192.579,198.875,209.927,223.977,240.258,258.289,277.983,299.068,321.574,345.509,370.668,396.866,424.072,452.305,481.405,511.149,541.250,571.678,
IIASA GDP,SSP2,DOM,GDP|PPP,billion US$2005/yr,96.123,123.899,145.878,161.648,177.991,199.430,226.256,256.632,287.498,316.883,343.756,367.974,389.745,409.355,428.458,448.604,470.466,493.928,518.473,
IIASA GDP,SSP2,DZA,GDP|PPP,billion US$2005/yr,207.611,245.096,275.711,318.484,376.084,448.728,535.948,633.862,736.350,837.284,932.253,1018.834,1096.282,1165.174,1226.774,1282.309,1334.221,1383.968,1432.302,
IIASA GDP,SSP2,ECU,GDP|PPP,billion US$2005/yr,89.924,111.422,136.316,165.582,197.308,230.459,264.668,299.372,339.576,384.242,430.247,473.374,512.286,547.006,578.066,605.940,631.312,657.882,688.113,
IIASA GDP,SSP2,EGY,GDP|PPP,billion US$2005/yr,390.937,511.738,629.427,754.345,902.892,1080.959,1290.075,1525.742,1779.522,2042.992,2308.480,2568.133,2814.934,3042.950,3249.814,3435.343,3602.133,3752.024,3886.130,
IIASA GDP,SSP2,ERI,GDP|PPP,billion US$2005/yr,3.347,4.003,6.302,10.537,16.142,22.466,29.052,35.977,43.753,52.721,63.132,75.090,88.600,103.622,120.413,139.227,160.188,182.956,206.816,
IIASA GDP,SSP2,ESP,GDP|PPP,billion US$2005/yr,1279.953,1467.508,1707.826,2001.368,2303.122,2607.756,2906.257,3189.923,3452.573,3699.655,3932.764,4145.835,4333.432,4496.589,4642.950,4782.260,4921.684,5060.892,5191.666,
IIASA GDP,SSP2,EST,GDP|PPP,billion US$2005/yr,21.166,25.244,27.676,30.468,32.590,34.263,35.703,37.078,38.401,39.846,41.577,43.624,45.930,48.417,51.030,53.774,56.685,59.774,63.027,
IIASA GDP,SSP2,ETH,GDP|PPP,billion US$2005/yr,58.340,86.074,114.422,137.360,161.307,190.580,226.069,269.366,320.396,381.632,455.866,546.131,654.675,783.494,931.200,1096.013,1276.133,1472.191,1715.115,
IIASA GDP,SSP2,FIN,GDP|PPP,billion US$2005/yr,168.979,188.794,208.942,233.790,259.004,283.353,306.880,330.085,353.445,377.570,403.121,430.171,458.446,487.656,517.577,547.882,578.525,609.590,640.696,
IIASA GDP,SSP2,FJI,GDP|PPP,billion US$2005/yr,3.718,4.504,6.021,8.188,10.340,12.280,13.938,15.415,16.809,18.270,19.758,21.314,22.909,24.485,26.082,28.314,31.177,34.521,38.087,
IIASA GDP,SSP2,FRA,GDP|PPP,billion US$2005/yr,1986.578,2167.261,2539.827,3043.630,3590.506,4144.721,4683.448,5198.270,5689.573,6165.095,6635.403,7105.096,7577.514,8055.630,8540.943,9034.059,9523.290,10001.589,10470.671,
IIASA GDP,SSP2,GAB,GDP|PPP,billion US$2005/yr,15.569,16.519,17.696,19.288,21.556,24.514,28.041,32.025,36.355,40.973,45.836,50.990,56.386,62.949,70.353,77.961,85.391,92.803,100.396,
IIASA GDP,SSP2,GBR,GDP|PPP,billion US$2005/yr,2071.298,2344.758,2760.364,3336.150,3959.318,4588.383,5199.991,5790.774,6360.708,6919.261,7481.840,8054.515,8638.656,9234.415,9841.194,10455.729,11073.423,11692.929,12313.854,
IIASA GDP,SSP2,GEO,GDP|PPP,billion US$2005/yr,23.372,37.300,63.796,93.735,110.932,113.211,108.732,103.910,101.162,100.546,101.443,103.249,105.503,108.016,110.777,113.911,117.550,121.763,126.570,
IIASA GDP,SSP2,GHA,GDP|PPP,billion US$2005/yr,29.640,39.058,47.840,57.169,69.093,84.665,104.895,130.488,161.915,199.525,243.795,295.284,354.271,420.831,494.404,574.154,658.831,747.018,837.547,
IIASA GDP,SSP2,GIN,GDP|PPP,billion US$2005/yr,8.275,9.232,10.863,13.531,17.143,21.549,26.788,32.958,40.139,48.220,57.020,66.644,77.347,89.441,103.177,118.744,137.314,158.994,183.429,
IIASA GDP,SSP2,GMB,GDP|PPP,billion US$2005/yr,2.508,3.827,5.149,6.485,7.974,9.687,11.672,13.940,16.491,19.321,22.391,25.654,29.225,33.194,37.589,42.336,47.350,52.508,57.667,
IIASA GDP,SSP2,GNB,GDP|PPP,billion US$2005/yr,1.254,1.726,2.102,2.565,3.090,3.743,4.506,5.440,6.575,7.947,9.557,11.416,13.533,16.024,18.937,22.280,26.024,30.136,34.564,
IIASA GDP,SSP2,GNQ,GDP|PPP,billion US$2005/yr,13.931,18.860,21.587,24.752,28.422,32.665,37.571,43.167,49.252,55.737,62.786,70.370,78.349,86.559,94.883,103.162,111.311,119.157,126.589,
IIASA GDP,SSP2,GRC,GDP|PPP,billion US$2005/yr,293.166,347.764,393.072,452.211,521.019,592.953,663.601,729.839,789.508,842.805,890.779,933.226,970.261,1002.591,1032.063,1060.180,1088.223,1116.141,1142.333,
IIASA GDP,SSP2,GRD,GDP|PPP,billion US$2005/yr,1.287,1.287,1.335,1.443,1.598,1.781,1.973,2.168,2.365,2.568,2.779,2.993,3.203,3.399,3.583,3.772,3.979,4.213,4.471,
IIASA GDP,SSP2,GTM,GDP|PPP,billion US$2005/yr,83.488,111.526,136.899,164.863,196.440,232.114,272.081,316.809,366.222,420.035,476.997,537.395,601.652,669.651,741.402,829.789,930.508,1039.188,1150.694,
IIASA GDP,SSP2,GUY,GDP|PPP,billion US$2005/yr,3.265,3.690,4.037,4.424,4.934,5.562,6.251,6.958,7.684,8.409,9.111,9.799,10.498,11.223,11.970,12.727,13.475,14.219,14.977,
IIASA GDP,SSP2,HKG,GDP|PPP,billion US$2005/yr,256.052,289.053,314.897,341.946,378.539,424.333,475.521,528.022,578.439,625.102,668.368,707.164,740.433,768.103,790.501,807.569,818.346,823.122,822.647,
IIASA GDP,SSP2,HND,GDP|PPP,billion US$2005/yr,28.262,33.964,41.134,49.044,57.878,67.771,78.824,91.021,104.449,119.273,135.529,153.444,173.172,194.513,217.120,240.400,269.201,301.781,334.923,
IIASA GDP,SSP2,HRV,GDP|PPP,billion US$2005/yr,67.711,78.971,87.350,95.379,102.521,109.201,115.491,121.544,127.272,132.991,139.065,145.494,152.068,158.571,164.872,170.909,176.717,182.399,187.985,
IIASA GDP,SSP2,HTI,GDP|PPP,billion US$2005/yr,14.116,16.798,20.877,26.468,33.387,41.454,50.664,60.687,71.315,82.794,97.084,114.380,133.999,154.541,175.172,195.306,214.699,233.368,251.454,
IIASA GDP,SSP2,HUN,GDP|PPP,billion US$2005/yr,165.329,183.980,204.915,230.638,253.650,272.986,289.206,303.848,317.766,332.050,346.854,361.523,375.406,388.511,401.248,414.026,427.245,440.977,455.064,
IIASA GDP,SSP2,IDN,GDP|PPP,billion US$2005/yr,978.828,1410.926,2071.407,2894.217,3724.887,4502.999,5214.778,5862.896,6608.245,7434.498,8265.988,8989.250,9621.827,10206.466,10776.612,11338.824,11891.475,12425.565,12935.075,
IIASA GDP,SSP2,IND,GDP|PPP,billion US$2005/yr,3885.401,6449.050,10137.433,14829.942,19713.017,24356.558,28592.942,32424.433,36081.252,39757.421,43518.789,47273.952,50897.640,54221.481,57216.846,60017.681,62719.958,65287.297,67649.753,
IIASA GDP,SSP2,IRL,GDP|PPP,billion US$2005/yr,153.001,169.636,193.417,226.954,262.476,297.549,330.530,361.963,392.530,423.219,454.222,484.778,514.192,542.543,570.533,598.894,627.914,657.392,686.379,
IIASA GDP,SSP2,IRN,GDP|PPP,billion US$2005/yr,806.777,956.831,1091.630,1197.189,1300.734,1426.679,1588.166,1783.848,1993.745,2198.287,2383.184,2539.902,2661.922,2747.153,2812.881,2876.202,2949.344,3037.137,3140.371,
IIASA GDP,SSP2,IRQ,GDP|PPP,billion US$2005/yr,136.305,237.653,404.798,638.066,893.143,1130.360,1340.753,1537.757,1733.762,1941.403,2165.673,2405.075,2662.822,2946.625,3260.053,3600.192,3958.951,4329.871,4705.949,
IIASA GDP,SSP2,ISL,GDP|PPP,billion US$2005/yr,11.424,13.547,15.689,18.672,21.795,25.093,28.537,32.140,35.887,39.832,44.012,48.388,52.870,57.382,61.872,66.311,70.672,74.914,78.963,
IIASA GDP,SSP2,ISR,GDP|PPP,billion US$2005/yr,184.904,208.045,220.707,233.371,254.034,283.032,319.196,360.640,405.243,451.391,499.595,552.507,613.141,683.104,762.652,851.634,950.068,1058.234,1176.338,
IIASA GDP,SSP2,ITA,GDP|PPP,billion US$2005/yr,1675.321,1851.475,2188.678,2668.235,3166.154,3637.633,4059.657,4426.413,4737.470,5007.137,5247.665,5462.107,5652.923,5828.218,5998.906,6174.035,6352.642,6524.927,6681.728,
IIASA GDP,SSP2,JAM,GDP|PPP,billion US$2005/yr,24.871,27.435,33.729,42.806,52.591,61.473,68.633,74.210,78.552,81.992,84.831,87.724,91.148,95.318,100.116,105.367,110.978,116.939,123.268,
IIASA GDP,SSP2,JOR,GDP|PPP,billion US$2005/yr,29.124,41.239,59.513,83.379,110.139,138.309,167.180,197.047,227.939,260.040,292.847,325.440,356.565,385.315,411.380,434.722,455.484,473.923,490.208,
IIASA GDP,SSP2,JPN,GDP|PPP,billion US$2005/yr,4064.125,4067.476,4109.855,4224.132,4371.084,4526.270,4674.296,4812.485,4946.004,5079.295,5216.875,5350.198,5469.020,5570.938,5660.277,5748.789,5841.225,5938.079,6034.043,
IIASA GDP,SSP2,KAZ,GDP|PPP,billion US$2005/yr,180.676,288.077,376.668,447.845,496.048,530.924,561.641,593.218,624.866,658.770,696.598,738.550,783.215,829.121,874.937,920.453,966.011,1011.683,1057.327,
IIASA GDP,SSP2,KEN,GDP|PPP,billion US$2005/yr,47.013,64.360,90.466,129.442,179.038,239.588,311.143,393.569,485.670,586.549,695.997,814.351,941.263,1076.078,1217.409,1362.872,1510.437,1657.668,1802.704,
IIASA GDP,SSP2,KGZ,GDP|PPP,billion US$2005/yr,12.496,21.779,43.098,79.546,120.790,155.967,180.831,197.483,209.205,218.991,228.577,239.086,250.763,263.278,276.206,289.472,303.073,317.296,332.310,
IIASA GDP,SSP2,KHM,GDP|PPP,billion US$2005/yr,25.114,37.725,55.306,79.948,107.646,136.663,165.411,193.236,217.139,239.454,261.364,285.939,314.045,345.343,378.124,411.759,446.456,482.648,530.431,
IIASA GDP,SSP2,KOR,GDP|PPP,billion US$2005/yr,1214.994,1315.915,1345.302,1355.574,1385.332,1430.211,1474.099,1509.021,1533.241,1549.550,1561.918,1573.825,1588.133,1605.757,1625.725,1646.350,1665.980,1686.115,1704.979,
IIASA GDP,SSP2,KWT,GDP|PPP,billion US$2005/yr,116.353,142.564,153.098,152.757,151.261,158.927,174.598,196.340,223.462,255.814,289.463,322.434,354.086,384.214,413.023,440.668,466.836,491.094,512.767,
IIASA GDP,SSP2,LAO,GDP|PPP,billion US$2005/yr,16.494,24.185,31.037,35.279,39.215,43.570,48.478,53.760,59.433,65.516,71.970,79.023,86.895,95.578,104.672,115.957,128.917,142.536,155.373,
IIASA GDP,SSP2,LBN,GDP|PPP,billion US$2005/yr,52.905,69.684,81.984,89.036,96.340,105.203,115.576,126.582,137.203,146.711,154.697,161.966,169.317,177.142,185.360,193.800,202.388,211.097,219.954,
IIASA GDP,SSP2,LBR,GDP|PPP,billion US$2005/yr,1.423,2.315,3.798,5.927,8.663,12.383,17.278,23.551,31.126,40.055,50.571,62.871,77.027,93.092,111.265,131.569,154.767,181.200,210.876,
IIASA GDP,SSP2,LBY,GDP|PPP,billion US$2005/yr,121.632,128.512,125.267,121.239,124.713,135.558,153.022,175.852,202.545,231.804,262.022,291.762,319.699,346.697,374.639,404.716,437.134,471.636,507.321,
IIASA GDP,SSP2,LCA,GDP|PPP,billion US$2005/yr,2.093,2.591,2.894,3.203,3.535,3.899,4.326,4.794,5.333,5.896,6.436,6.913,7.356,7.788,8.221,8.652,9.077,9.492,9.898,
IIASA GDP,SSP2,LKA,GDP|PPP,billion US$2005/yr,84.229,97.389,102.852,104.639,109.704,119.182,133.443,151.934,174.666,201.367,231.393,263.762,297.467,331.880,366.581,401.238,435.454,468.516,499.538,
IIASA GDP,SSP2,LSO,GDP|PPP,billion US$2005/yr,2.500,3.043,3.244,3.552,4.080,4.838,5.800,6.942,8.260,9.789,11.583,13.687,16.128,18.876,21.874,25.500,29.651,34.101,38.501,
IIASA GDP,SSP2,LTU,GDP|PPP,billion US$2005/yr,50.442,57.627,66.228,73.832,78.192,80.054,80.587,80.733,80.824,81.006,81.708,83.122,85.153,87.599,90.349,93.472,97.133,101.469,106.497,
IIASA GDP,SSP2,LUX,GDP|PPP,billion US$2005/yr,41.527,55.164,68.743,82.219,96.070,110.747,126.371,142.766,159.597,176.538,193.368,209.706,225.213,239.668,253.021,265.186,276.081,285.736,293.979,
IIASA GDP,SSP2,LVA,GDP|PPP,billion US$2005/yr,28.517,34.405,39.845,45.823,49.875,52.301,53.846,55.025,55.929,56.924,58.225,59.822,61.606,63.487,65.408,67.398,69.532,71.863,74.413,
IIASA GDP,SSP2,MAR,GDP|PPP,billion US$2005/yr,102.966,123.706,140.404,158.152,179.584,205.514,234.767,267.153,302.733,342.299,385.168,437.817,497.735,559.850,617.417,668.896,714.904,757.080,796.778,
IIASA GDP,SSP2,MDA,GDP|PPP,billion US$2005/yr,10.785,14.180,24.203,39.438,53.884,63.587,68.155,69.312,68.498,67.024,65.532,64.383,63.583,63.039,62.652,62.457,62.590,63.177,64.286,
IIASA GDP,SSP2,MDG,GDP|PPP,billion US$2005/yr,15.547,19.517,25.859,34.138,43.764,54.726,67.023,80.822,96.636,114.705,135.294,158.739,185.873,217.432,254.126,296.461,344.839,399.500,460.587,
IIASA GDP,SSP2,MDV,GDP|PPP,billion US$2005/yr,1.767,1.812,2.079,2.341,2.622,2.953,3.341,3.831,4.391,4.973,5.557,6.178,6.840,7.610,8.399,9.105,9.630,9.981,10.223,
IIASA GDP,SSP2,MEX,GDP|PPP,billion US$2005/yr,1293.831,1521.061,1796.243,2148.790,2518.736,2895.435,3315.371,3765.516,4221.638,4643.773,5026.305,5394.458,5774.109,6174.969,6593.220,7023.207,7457.703,7891.457,8322.949,
IIASA GDP,SSP2,MKD,GDP|PPP,billion US$2005/yr,15.879,20.296,27.099,35.237,43.438,51.085,58.039,64.429,70.425,76.221,82.115,88.014,93.713,99.043,103.945,108.394,112.406,116.030,119.266,
IIASA GDP,SSP2,MLI,GDP|PPP,billion US$2005/yr,13.423,20.639,27.229,37.087,50.797,68.339,88.997,112.904,140.276,171.224,205.730,244.034,286.720,334.391,387.818,448.054,515.789,591.077,673.939,
IIASA GDP,SSP2,MLT,GDP|PPP,billion US$2005/yr,8.765,10.475,12.717,15.500,18.381,21.133,23.616,25.799,27.690,29.338,30.835,32.224,33.514,34.686,35.721,36.621,37.431,38.222,39.063,
IIASA GDP,SSP2,MNG,GDP|PPP,billion US$2005/yr,9.639,11.867,15.379,18.910,22.278,25.525,28.851,32.480,36.342,40.362,44.454,48.641,52.937,57.327,61.727,66.038,70.207,74.225,78.060,
IIASA GDP,SSP2,MOZ,GDP|PPP,billion US$2005/yr,16.649,25.681,34.174,43.658,54.469,67.190,82.603,101.332,123.710,150.035,180.955,217.235,259.178,308.411,366.547,434.653,512.660,599.809,694.901,
IIASA GDP,SSP2,MRT,GDP|PPP,billion US$2005/yr,4.938,7.168,9.177,11.490,14.183,17.368,21.167,25.779,31.317,37.636,44.866,53.180,62.733,73.467,85.217,97.744,110.818,124.125,137.382,
IIASA GDP,SSP2,MUS,GDP|PPP,billion US$2005/yr,12.181,13.606,14.128,14.283,14.705,15.575,16.982,18.809,21.057,23.599,26.387,29.430,32.713,36.261,40.007,43.742,48.497,54.138,60.340,
IIASA GDP,SSP2,MWI,GDP|PPP,billion US$2005/yr,9.804,13.176,18.459,25.439,34.960,47.622,63.952,84.417,109.932,141.335,179.503,225.434,280.078,344.156,419.346,507.410,609.648,726.680,858.359,
IIASA GDP,SSP2,MYS,GDP|PPP,billion US$2005/yr,314.586,377.352,438.187,512.215,603.493,709.686,824.039,938.243,1046.857,1146.933,1238.406,1322.141,1399.254,1472.646,1548.532,1630.675,1719.040,1812.044,1908.565,
IIASA GDP,SSP2,NAM,GDP|PPP,billion US$2005/yr,9.991,13.169,16.343,20.354,24.954,30.108,35.910,42.288,49.095,56.178,63.451,70.793,78.053,85.095,91.769,97.944,103.537,108.614,113.602,
IIASA GDP,SSP2,NER,GDP|PPP,billion US$2005/yr,8.174,10.587,14.379,20.128,28.068,38.304,51.485,68.316,89.753,116.466,148.905,187.911,234.944,291.833,360.184,441.340,536.273,645.195,768.304,
IIASA GDP,SSP2,NGA,GDP|PPP,billion US$2005/yr,303.562,494.950,701.510,933.099,1212.979,1565.402,2018.590,2592.442,3295.862,4115.279,5023.455,5994.400,7001.224,8027.829,9065.600,10104.614,11126.496,12128.109,13109.554,
IIASA GDP,SSP2,NIC,GDP|PPP,billion US$2005/yr,12.132,14.545,16.934,19.788,23.161,27.128,31.683,36.821,42.555,48.941,55.787,63.201,71.330,81.706,93.917,106.964,119.504,131.106,141.830,
IIASA GDP,SSP2,NLD,GDP|PPP,billion US$2005/yr,678.247,751.579,846.489,951.154,1056.781,1159.572,1259.973,1358.236,1455.647,1553.250,1652.503,1753.738,1857.526,1964.279,2073.841,2185.033,2295.325,2402.617,2504.987,
IIASA GDP,SSP2,NOR,GDP|PPP,billion US$2005/yr,232.939,275.003,318.007,371.351,426.233,480.121,532.489,584.314,636.298,689.521,744.845,801.868,859.863,918.213,976.711,1035.160,1092.968,1149.511,1203.644,
IIASA GDP,SSP2,NPL,GDP|PPP,billion US$2005/yr,34.543,44.656,56.187,67.489,79.938,95.296,115.985,143.067,177.381,219.039,267.599,322.263,382.406,447.065,514.535,583.098,651.292,718.238,783.444,
IIASA GDP,SSP2,NZL,GDP|PPP,billion US$2005/yr,117.451,139.398,158.263,180.589,203.357,226.169,249.071,272.206,295.361,318.710,342.549,366.837,391.469,416.386,441.382,466.245,490.655,514.383,537.288,
IIASA GDP,SSP2,OMN,GDP|PPP,billion US$2005/yr,59.774,68.715,79.630,89.462,98.701,107.371,116.221,126.019,136.266,149.827,166.321,184.671,203.393,222.227,241.156,260.127,279.051,297.798,316.100,
IIASA GDP,SSP2,PAK,GDP|PPP,billion US$2005/yr,426.987,493.751,578.159,675.926,805.244,974.465,1191.099,1463.197,1796.019,2191.051,2647.835,3166.354,3745.166,4378.664,5055.312,5762.061,6482.749,7202.103,7905.116,
IIASA GDP,SSP2,PAN,GDP|PPP,billion US$2005/yr,34.228,48.537,60.970,70.131,78.073,85.543,94.646,105.635,117.977,130.481,142.329,153.040,162.471,171.054,179.656,188.665,198.041,207.505,216.776,
IIASA GDP,SSP2,PER,GDP|PPP,billion US$2005/yr,208.513,279.254,347.059,401.441,451.108,500.504,552.400,605.680,658.172,707.204,750.763,789.157,823.324,854.186,882.034,906.766,928.797,953.128,983.176,
IIASA GDP,SSP2,PHL,GDP|PPP,billion US$2005/yr,278.188,334.331,421.169,520.110,639.285,784.990,958.124,1153.390,1363.193,1581.875,1806.182,2032.635,2259.430,2483.421,2700.866,2909.088,3106.592,3293.625,3469.842,
IIASA GDP,SSP2,PNG,GDP|PPP,billion US$2005/yr,16.358,28.449,43.561,61.940,80.309,97.788,114.453,131.459,149.373,168.458,188.113,207.927,227.860,247.890,268.702,295.148,325.972,358.139,387.945,
IIASA GDP,SSP2,POL,GDP|PPP,billion US$2005/yr,629.705,789.937,962.623,1102.302,1195.319,1253.826,1296.838,1336.282,1373.708,1409.717,1445.945,1482.283,1516.651,1547.244,1573.539,1597.232,1622.046,1652.146,1688.944,
IIASA GDP,SSP2,PRI,GDP|PPP,billion US$2005/yr,93.708,91.557,93.588,95.618,98.078,100.413,102.152,103.484,104.593,105.575,106.342,107.072,107.922,108.983,110.264,111.799,113.645,115.821,118.159,
IIASA GDP,SSP2,PRT,GDP|PPP,billion US$2005/yr,213.133,231.583,262.326,315.965,384.963,464.192,544.578,620.773,690.155,752.592,809.552,861.450,908.555,951.391,991.142,1029.277,1066.816,1103.978,1139.377,
IIASA GDP,SSP2,PRY,GDP|PPP,billion US$2005/yr,23.288,27.363,31.797,37.777,45.567,55.176,66.555,79.296,92.851,107.034,121.901,137.544,156.755,178.966,202.518,225.025,245.603,264.020,280.464,
IIASA GDP,SSP2,ROU,GDP|PPP,billion US$2005/yr,214.432,270.091,334.794,398.338,448.014,485.858,514.183,536.200,552.685,565.862,577.195,587.424,596.730,605.356,614.138,624.011,636.070,650.399,667.046,
IIASA GDP,SSP2,RUS,GDP|PPP,billion US$2005/yr,2050.953,2589.470,2982.227,3286.657,3506.751,3694.022,3884.124,4082.482,4281.327,4493.597,4735.734,5009.190,5305.244,5611.021,5916.619,6219.971,6524.851,6834.573,7147.665,
IIASA GDP,SSP2,RWA,GDP|PPP,billion US$2005/yr,11.071,14.833,18.058,20.906,24.407,28.657,33.951,40.633,49.201,59.914,73.312,89.642,109.220,132.172,159.083,190.615,227.358,269.401,316.242,
IIASA GDP,SSP2,SAU,GDP|PPP,billion US$2005/yr,545.648,669.090,716.042,769.583,859.023,986.103,1142.501,1314.338,1483.241,1637.926,1777.042,1906.717,2038.482,2178.267,2328.534,2486.547,2648.899,2812.267,2974.239,
IIASA GDP,SSP2,SDN,GDP|PPP,billion US$2005/yr,93.671,127.024,164.431,212.182,270.626,338.218,410.810,490.408,575.962,671.931,782.281,909.345,1056.447,1224.482,1410.834,1608.818,1810.561,2008.246,2195.917,
IIASA GDP,SSP2,SEN,GDP|PPP,billion US$2005/yr,17.915,22.811,28.014,34.429,41.799,50.296,60.044,71.477,85.043,100.961,119.354,140.641,165.320,193.863,226.881,264.808,307.701,355.175,406.416,
IIASA GDP,SSP2,SGP,GDP|PPP,billion US$2005/yr,220.375,292.377,332.972,360.294,382.665,408.950,439.375,472.026,503.610,532.459,558.719,582.212,602.795,619.907,633.422,642.774,648.050,650.283,650.162,
IIASA GDP,SSP2,SLB,GDP|PPP,billion US$2005/yr,0.974,1.591,2.337,3.233,4.131,5.055,6.018,7.092,8.330,9.749,11.331,13.069,14.950,16.950,19.092,21.761,24.883,28.227,31.454,
IIASA GDP,SSP2,SLE,GDP|PPP,billion US$2005/yr,4.472,7.375,9.596,12.041,14.736,17.789,21.431,25.849,31.235,37.708,45.426,54.441,64.780,76.488,90.166,106.137,124.504,144.985,167.218,
IIASA GDP,SSP2,SLV,GDP|PPP,billion US$2005/yr,38.244,42.570,45.656,49.413,54.314,60.464,67.586,75.277,84.513,94.790,105.236,115.092,124.313,132.898,140.794,148.014,154.631,161.599,169.714,
IIASA GDP,SSP2,SOM,GDP|PPP,billion US$2005/yr,4.431,5.265,7.075,9.633,12.764,16.333,20.553,25.420,31.230,38.104,46.148,55.518,66.561,79.625,95.021,113.084,133.948,159.867,191.322,
IIASA GDP,SSP2,SRB,GDP|PPP,billion US$2005/yr,62.956,105.286,138.843,177.778,213.549,243.085,266.869,286.560,303.782,320.876,338.997,357.611,375.581,392.261,407.570,421.724,434.920,447.175,458.353,
IIASA GDP,SSP2,STP,GDP|PPP,billion US$2005/yr,0.289,0.372,0.442,0.493,0.538,0.587,0.646,0.715,0.796,0.894,1.008,1.141,1.296,1.479,1.693,1.945,2.235,2.561,2.923,
IIASA GDP,SSP2,SUR,GDP|PPP,billion US$2005/yr,5.120,7.555,9.513,11.494,13.307,15.030,16.670,18.318,20.056,21.858,23.687,25.513,27.332,29.141,30.941,32.721,34.446,36.094,37.651,
IIASA GDP,SSP2,SVK,GDP|PPP,billion US$2005/yr,107.715,128.707,139.148,143.014,146.810,151.926,158.786,166.860,175.255,183.690,192.374,201.207,209.908,218.346,226.501,234.449,242.481,250.929,259.941,
IIASA GDP,SSP2,SVN,GDP|PPP,billion US$2005/yr,50.063,53.474,53.403,53.264,54.465,57.004,60.520,64.567,68.721,72.999,77.630,82.678,88.061,93.662,99.389,105.174,111.018,116.941,122.943,
IIASA GDP,SSP2,SWE,GDP|PPP,billion US$2005/yr,319.326,379.006,452.463,550.368,650.954,745.984,835.049,920.151,1004.058,1089.787,1179.541,1272.284,1366.466,1461.088,1556.023,1651.387,1747.058,1841.896,1934.340,
IIASA GDP,SSP2,SWZ,GDP|PPP,billion US$2005/yr,4.604,4.623,5.297,6.227,7.545,9.226,11.188,13.393,15.820,18.461,21.273,24.197,27.176,30.131,32.994,35.734,38.325,40.754,43.012,
IIASA GDP,SSP2,SYR,GDP|PPP,billion US$2005/yr,86.945,104.391,131.696,162.555,196.422,233.195,272.886,315.058,359.662,407.279,458.607,514.416,574.613,639.183,720.203,811.702,902.961,981.894,1046.282,
IIASA GDP,SSP2,TCD,GDP|PPP,billion US$2005/yr,13.178,19.230,22.377,26.454,31.540,37.975,45.958,55.651,67.371,81.565,98.621,118.888,142.738,170.653,202.826,239.679,281.438,328.223,379.856,
IIASA GDP,SSP2,TGO,GDP|PPP,billion US$2005/yr,4.698,4.617,4.823,5.142,5.760,6.685,8.099,9.948,12.150,14.592,17.299,20.365,23.916,28.098,33.062,38.991,46.091,54.585,64.668,
IIASA GDP,SSP2,THA,GDP|PPP,billion US$2005/yr,514.297,643.009,743.893,852.824,972.159,1102.404,1257.830,1428.389,1627.722,1830.578,2013.505,2154.712,2263.970,2361.970,2463.015,2570.307,2681.421,2793.217,2903.170,
IIASA GDP,SSP2,TJK,GDP|PPP,billion US$2005/yr,13.768,25.292,51.467,95.562,145.308,188.041,218.520,238.886,253.053,264.754,276.082,288.651,303.154,319.584,337.445,356.573,376.934,398.757,422.238,
IIASA GDP,SSP2,TKM,GDP|PPP,billion US$2005/yr,33.882,54.734,83.213,114.087,141.466,162.933,179.745,193.523,205.766,217.408,229.014,240.870,253.036,265.396,277.852,290.415,303.152,316.323,330.005,
IIASA GDP,SSP2,TLS,GDP|PPP,billion US$2005/yr,1.307,2.143,3.831,6.470,9.831,13.830,18.306,23.178,28.313,33.607,38.914,44.282,49.821,55.639,61.744,68.137,74.779,81.702,89.316,
IIASA GDP,SSP2,TON,GDP|PPP,billion US$2005/yr,0.826,0.905,0.991,1.103,1.233,1.374,1.517,1.658,1.789,1.906,2.012,2.115,2.222,2.340,2.466,2.598,2.733,2.873,3.030,
IIASA GDP,SSP2,TTO,GDP|PPP,billion US$2005/yr,38.201,46.235,40.272,32.116,28.123,27.125,27.901,29.323,30.762,31.948,32.910,33.753,34.552,35.343,36.140,36.977,37.891,38.923,40.076,
IIASA GDP,SSP2,TUN,GDP|PPP,billion US$2005/yr,65.648,81.152,96.327,107.433,120.600,138.558,163.555,193.965,227.641,259.964,286.937,306.687,320.188,329.465,336.481,342.765,349.818,359.494,372.407,
IIASA GDP,SSP2,TUR,GDP|PPP,billion US$2005/yr,761.940,850.082,994.262,1167.591,1349.855,1541.698,1741.688,1950.363,2162.697,2378.478,2645.883,2950.091,3262.291,3563.367,3857.690,4149.401,4438.194,4722.900,5000.716,
IIASA GDP,SSP2,TZA,GDP|PPP,billion US$2005/yr,48.822,74.150,93.532,111.479,131.624,155.276,183.610,217.894,259.558,308.931,366.206,432.221,508.290,595.643,697.311,816.455,955.492,1115.071,1295.007,
IIASA GDP,SSP2,UGA,GDP|PPP,billion US$2005/yr,37.297,53.287,69.217,87.083,109.262,137.384,172.890,217.727,273.909,343.135,426.640,525.880,642.102,776.808,931.526,1107.108,1303.310,1518.048,1749.136,
IIASA GDP,SSP2,UKR,GDP|PPP,billion US$2005/yr,293.167,398.927,552.399,751.515,924.081,1048.842,1132.422,1191.980,1240.187,1289.531,1347.709,1414.509,1486.611,1560.558,1634.164,1706.778,1778.943,1851.093,1922.452,
IIASA GDP,SSP2,URY,GDP|PPP,billion US$2005/yr,36.456,46.120,55.939,64.085,70.904,76.857,82.376,87.468,92.242,96.442,99.851,102.944,108.262,115.566,123.988,132.377,140.481,148.220,155.590,
IIASA GDP,SSP2,USA,GDP|PPP,billion US$2005/yr,12632.337,13771.176,15068.002,16788.349,18608.027,20477.248,22398.877,24363.584,26352.865,28410.510,30562.315,32803.004,35108.752,37454.710,39808.026,42144.788,44449.212,46724.845,48976.329,
IIASA GDP,SSP2,UZB,GDP|PPP,billion US$2005/yr,65.804,124.009,250.857,455.924,676.767,852.568,966.958,1038.512,1089.854,1135.668,1182.426,1232.934,1287.491,1345.580,1405.534,1465.914,1527.716,1592.479,1661.622,
IIASA GDP,SSP2,VCT,GDP|PPP,billion US$2005/yr,0.772,1.114,1.422,1.630,1.778,1.911,2.057,2.213,2.367,2.514,2.650,2.776,2.955,3.173,3.414,3.652,3.884,4.112,4.339,
IIASA GDP,SSP2,VEN,GDP|PPP,billion US$2005/yr,248.073,334.555,444.423,582.476,719.941,842.257,947.664,1039.034,1133.537,1233.287,1335.143,1436.093,1538.586,1644.057,1751.990,1859.831,1965.217,2066.877,2164.045,
IIASA GDP,SSP2,VNM,GDP|PPP,billion US$2005/yr,254.295,403.659,630.849,907.281,1163.208,1370.228,1533.460,1665.878,1797.883,1935.256,2074.792,2253.989,2457.123,2656.550,2820.172,2951.065,3068.318,3187.251,3313.844,
IIASA GDP,SSP2,VUT,GDP|PPP,billion US$2005/yr,1.430,2.073,2.789,3.585,4.432,5.323,6.279,7.305,8.401,9.555,10.760,12.006,13.285,14.567,15.859,17.488,19.427,21.562,23.714,
IIASA GDP,SSP2,WSM,GDP|PPP,billion US$2005/yr,1.250,1.398,1.654,1.976,2.297,2.611,2.923,3.232,3.520,3.756,3.963,4.167,4.390,4.636,4.925,5.274,5.689,6.170,6.716,
IIASA GDP,SSP2,YEM,GDP|PPP,billion US$2005/yr,54.891,96.164,186.844,367.672,617.640,887.116,1130.992,1339.996,1519.297,1691.542,1873.678,2074.732,2300.929,2555.039,2836.545,3141.553,3463.860,3798.225,4141.986,
IIASA GDP,SSP2,ZAF,GDP|PPP,billion US$2005/yr,372.179,457.728,543.237,641.844,764.395,910.867,1074.728,1243.737,1412.499,1578.462,1740.990,1898.096,2047.090,2189.324,2326.925,2462.231,2595.358,2725.053,2850.145,
IIASA GDP,SSP2,ZMB,GDP|PPP,billion US$2005/yr,23.050,36.081,47.271,58.328,71.888,89.436,111.908,139.733,173.528,213.625,259.942,311.972,369.491,433.428,504.875,584.559,671.414,763.717,859.199,
IIASA GDP,SSP2,ZWE,GDP|PPP,billion US$2005/yr,1.623,1.735,2.064,2.790,3.941,5.541,7.568,9.972,12.756,15.960,19.649,23.942,28.969,34.813,41.510,49.099,57.591,67.040,77.475,